Designator,Footprint,Quantity,Value,LCSC Part #
SW1_4,C_Radial_D6.3mm_H5.0mm_P2.50mm,1,tilt switch,
SW1_3,C_Radial_D6.3mm_H5.0mm_P2.50mm,1,tilt switch,
BT1_4,BatteryHolder_MPD_BC2003_1x2032,1,Battery_Cell,
D11_4,LED_D5.0mm,1,LED,
SW1_2,C_Radial_D6.3mm_H5.0mm_P2.50mm,1,tilt switch,
SW1,C_Radial_D6.3mm_H5.0mm_P2.50mm,1,tilt switch,
BT1_3,BatteryHolder_MPD_BC2003_1x2032,1,Battery_Cell,
BT1_2,BatteryHolder_MPD_BC2003_1x2032,1,Battery_Cell,
D11_3,LED_D5.0mm,1,LED,
D11_2,LED_D5.0mm,1,LED,
BT1,BatteryHolder_MPD_BC2003_1x2032,1,Battery_Cell,
D11,LED_D5.0mm,1,LED,
C2_4,C_0402_1005Metric,1,100nF,C1525
D8_4,LED_0603_1608Metric,1,LED,C2290
D9_4,LED_0603_1608Metric,1,LED,C2290
R13_4,R_0402_1005Metric,1,100K,C25741
R11_4,R_0402_1005Metric,1,100K,C25741
R3_4,R_0402_1005Metric,1,10R,C25077
D4_4,LED_0603_1608Metric,1,LED,C2290
R4_4,R_0402_1005Metric,1,100K,C25741
R8_4,R_0402_1005Metric,1,10k,C25744
D5_4,LED_0603_1608Metric,1,LED,C2290
R6_4,R_0402_1005Metric,1,100K,C25741
D9_3,LED_0603_1608Metric,1,LED,C2290
R10_4,R_0402_1005Metric,1,100K,C25741
R9_4,R_0402_1005Metric,1,10k,C25744
D9_2,LED_0603_1608Metric,1,LED,C2290
D8_3,LED_0603_1608Metric,1,LED,C2290
R3_3,R_0402_1005Metric,1,10R,C25077
D4_3,LED_0603_1608Metric,1,LED,C2290
C1_4,C_0402_1005Metric,1,10uF,C15525
D10_4,LED_0603_1608Metric,1,LED,C2290
R7_4,R_0402_1005Metric,1,100K,C25741
R1_4,R_0402_1005Metric,1,100K,C25741
D6_4,LED_0603_1608Metric,1,LED,C2290
U1_4,SOIC-8_3.9x4.9mm_P1.27mm,1,MCP6002-xSN,C7377
R2_4,R_0402_1005Metric,1,10R,C25077
R4_3,R_0402_1005Metric,1,100K,C25741
D4_2,LED_0603_1608Metric,1,LED,C2290
R5_4,SolderJumper-2_P1.3mm_Open_TrianglePad1.0x1.5mm,1,0R,
R3_2,R_0402_1005Metric,1,10R,C25077
R13_3,R_0402_1005Metric,1,100K,C25741
D1_4,LED_0603_1608Metric,1,LED,C2290
D10_3,LED_0603_1608Metric,1,LED,C2290
R1_3,R_0402_1005Metric,1,100K,C25741
C1_3,C_0402_1005Metric,1,10uF,C15525
D2_4,LED_0603_1608Metric,1,LED,C2290
D2_3,LED_0603_1608Metric,1,LED,C2290
D2_2,LED_0603_1608Metric,1,LED,C2290
D10_2,LED_0603_1608Metric,1,LED,C2290
D5_3,LED_0603_1608Metric,1,LED,C2290
R9_3,R_0402_1005Metric,1,10k,C25744
C2_3,C_0402_1005Metric,1,100nF,C1525
R12_4,R_0402_1005Metric,1,100K,C25741
D1_3,LED_0603_1608Metric,1,LED,C2290
D5_2,LED_0603_1608Metric,1,LED,C2290
C2_2,C_0402_1005Metric,1,100nF,C1525
D1_2,LED_0603_1608Metric,1,LED,C2290
R9_2,R_0402_1005Metric,1,10k,C25744
C1_2,C_0402_1005Metric,1,10uF,C15525
D1,LED_0603_1608Metric,1,LED,C2290
R3,R_0402_1005Metric,1,10R,C25077
R12_3,R_0402_1005Metric,1,100K,C25741
JP1_4,SolderJumper-2_P1.3mm_Open_TrianglePad1.0x1.5mm,1,alwaysOn,
JP1_3,SolderJumper-2_P1.3mm_Open_TrianglePad1.0x1.5mm,1,alwaysOn,
D3_4,LED_0603_1608Metric,1,LED,C2290
R8_3,R_0402_1005Metric,1,10k,C25744
D2,LED_0603_1608Metric,1,LED,C2290
R8_2,R_0402_1005Metric,1,10k,C25744
R10_3,R_0402_1005Metric,1,100K,C25741
C2,C_0402_1005Metric,1,100nF,C1525
C1,C_0402_1005Metric,1,10uF,C15525
U1_3,SOIC-8_3.9x4.9mm_P1.27mm,1,MCP6002-xSN,C7377
R12_2,R_0402_1005Metric,1,100K,C25741
R7_3,R_0402_1005Metric,1,100K,C25741
R5_3,SolderJumper-2_P1.3mm_Open_TrianglePad1.0x1.5mm,1,0R,
R10_2,R_0402_1005Metric,1,100K,C25741
R5_2,SolderJumper-2_P1.3mm_Open_TrianglePad1.0x1.5mm,1,0R,
R8,R_0402_1005Metric,1,10k,C25744
D3_3,LED_0603_1608Metric,1,LED,C2290
D3_2,LED_0603_1608Metric,1,LED,C2290
R7_2,R_0402_1005Metric,1,100K,C25741
R1_2,R_0402_1005Metric,1,100K,C25741
R9,R_0402_1005Metric,1,10k,C25744
R4_2,R_0402_1005Metric,1,100K,C25741
D7_4,LED_0603_1608Metric,1,LED,C2290
JP1_2,SolderJumper-2_P1.3mm_Open_TrianglePad1.0x1.5mm,1,alwaysOn,
D8_2,LED_0603_1608Metric,1,LED,C2290
R7,R_0402_1005Metric,1,100K,C25741
R11_3,R_0402_1005Metric,1,100K,C25741
D6_3,LED_0603_1608Metric,1,LED,C2290
R11_2,R_0402_1005Metric,1,100K,C25741
U1_2,SOIC-8_3.9x4.9mm_P1.27mm,1,MCP6002-xSN,C7377
R1,R_0402_1005Metric,1,100K,C25741
R2_3,R_0402_1005Metric,1,10R,C25077
R6_3,R_0402_1005Metric,1,100K,C25741
R4,R_0402_1005Metric,1,100K,C25741
R6_2,R_0402_1005Metric,1,100K,C25741
R11,R_0402_1005Metric,1,100K,C25741
R13_2,R_0402_1005Metric,1,100K,C25741
R12,R_0402_1005Metric,1,100K,C25741
U1,SOIC-8_3.9x4.9mm_P1.27mm,1,MCP6002-xSN,C7377
D5,LED_0603_1608Metric,1,LED,C2290
JP1,SolderJumper-2_P1.3mm_Open_TrianglePad1.0x1.5mm,1,alwaysOn,
D8,LED_0603_1608Metric,1,LED,C2290
D6_2,LED_0603_1608Metric,1,LED,C2290
R13,R_0402_1005Metric,1,100K,C25741
D3,LED_0603_1608Metric,1,LED,C2290
D7_3,LED_0603_1608Metric,1,LED,C2290
D10,LED_0603_1608Metric,1,LED,C2290
R2_2,R_0402_1005Metric,1,10R,C25077
D6,LED_0603_1608Metric,1,LED,C2290
D9,LED_0603_1608Metric,1,LED,C2290
D4,LED_0603_1608Metric,1,LED,C2290
R2,R_0402_1005Metric,1,10R,C25077
D7_2,LED_0603_1608Metric,1,LED,C2290
R6,R_0402_1005Metric,1,100K,C25741
D7,LED_0603_1608Metric,1,LED,C2290
R5,SolderJumper-2_P1.3mm_Open_TrianglePad1.0x1.5mm,1,0R,
R10,R_0402_1005Metric,1,100K,C25741
