Designator,Footprint,Quantity,Value,LCSC Part #
R3,R_0603_1608Metric,1,10R,
R4,R_0402_1005Metric,1,100K,
JP3,SolderJumper-2_P1.3mm_Open_TrianglePad1.0x1.5mm,1,alwaysOn,
C1,C_0402_1005Metric,1,1uF,
Q1,SOT-23,1,AO3400A,
C2,C_0402_1005Metric,1,100nF,
D3,LED_0603_1608Metric,1,LED,
D8,LED_0603_1608Metric,1,LED,
R5,R_0603_1608Metric,1,0R,
D1,LED_0603_1608Metric,1,LED,
D2,LED_0603_1608Metric,1,LED,
R2,R_0603_1608Metric,1,10R,
D4,LED_0603_1608Metric,1,LED,
D9,LED_0603_1608Metric,1,LED,
C3,C_0402_1005Metric,1,1uF,
U1,SOT-23-5,1,SN74LVC1G14DBV,C434069
D10,LED_0603_1608Metric,1,LED,
D7,LED_0603_1608Metric,1,LED,
R1,R_0402_1005Metric,1,1M,
JP2,SolderJumper-2_P1.3mm_Open_TrianglePad1.0x1.5mm,1,nFade,
D6,LED_0603_1608Metric,1,LED,
D5,LED_0603_1608Metric,1,LED,
SW1,C_Radial_D6.3mm_H5.0mm_P2.50mm,1,tilt switch,
BT1,BatteryHolder_Keystone_3002_1x2032,1,Battery_Cell,
