Designator,Footprint,Quantity,Value,LCSC Part #
R3,R_0603_1608Metric,1,10R,C25077
R4,R_0402_1005Metric,1,330k,C25778
JP3,SolderJumper-2_P1.3mm_Open_TrianglePad1.0x1.5mm,1,alwaysOn,
C1,C_0402_1005Metric,1,1uF,C52923
Q1,SOT-23,1,AO3400A,C347475
C2,C_0402_1005Metric,1,100nF,C1525
D3,LED_0603_1608Metric,1,NCD0603W1,C84265
D8,LED_0603_1608Metric,1,NCD0603W1,C84265
R5,R_0603_1608Metric,1,DNP,
D1,LED_0603_1608Metric,1,NCD0603W1,C84265
D2,LED_0603_1608Metric,1,NCD0603W1,C84265
R2,R_0603_1608Metric,1,10R,C25077
D4,LED_0603_1608Metric,1,NCD0603W1,C84265
D9,LED_0603_1608Metric,1,NCD0603W1,C84265
C3,C_0402_1005Metric,1,4.7uF,C23733
U1,SOT-23-5,1,SN74LVC1G14DBV,C434069
D10,LED_0603_1608Metric,1,NCD0603W1,C84265
D7,LED_0603_1608Metric,1,NCD0603W1,C84265
R1,R_0402_1005Metric,1,1M,C26083
JP2,SolderJumper-2_P1.3mm_Open_TrianglePad1.0x1.5mm,1,nFade,
D6,LED_0603_1608Metric,1,NCD0603W1,C84265
D5,LED_0603_1608Metric,1,NCD0603W1,C84265
SW1,C_Radial_D6.3mm_H5.0mm_P2.50mm,1,tilt switch,
BT1,BatteryHolder_Keystone_3002_1x2032,1,Battery_Cell,
